word,count
the,51
and,29
to,26
rest,18
of,18
for,17
a,15
in,13
or,13
you,11
framework,10
api,9
on,9
your,8
use,8
any,8
django,7
browsable,6
if,6
our,6
support,6
following,6
from,6
copyright,6
is,5
are,5
with,5
this,5
class,4
way,4
by,4
up,4
markdown,4
add,4
install,4
also,4
be,4
viewsets,3
project,3
documentation,3
want,3
including,3
packages,3
that,3
all,3
we,3
using,3
pip,3
clone,3
login,3
url,3
create,3
import,3
include,3
please,3
not,3
provided,3
conditions,3
contributors,3
authentication,2
serializer,2
browser,2
community,2
release,2
building,2
web,2
used,2
its,2
single,2
make,2
lights,2
particular,2
premium,2
python,2
filtering,2
root,2
urlpatterns,2
can,2
at,2
information,2
users,2
sure,2
user,2
define,2
view,2
get,2
see,2
raise,2
may,2
follow,2
issue,2
public,2
prior,2
source,2
binary,2
without,2
redistributions,2
must,2
above,2
list,2
holder,2
software,2
implied,2
but,2
limited,2
next,1
previous,1
tutorial,1
1,1
2,1
requests,1
3,1
based,1
4,1
5,1
relationships,1
hyperlinked,1
6,1
guide,1
generic,1
content,1
format,1
returning,1
status,1
topics,1
documenting,1
csrf,1
html,1
hypermedia,1
tutorials,1
third,1
party,1
contributing,1
kickstarter,1
mozilla,1
powerful,1
flexible,1
toolkit,1
some,1
reasons,1
might,1
huge,1
usability,1
win,1
supports,1
both,1
data,1
customizable,1
down,1
just,1
regular,1
need,1
extensive,1
great,1
trusted,1
internationally,1
recognised,1
companies,1
red,1
collaboratively,1
funded,1
commercially,1
strongly,1
encourage,1
invest,1
continued,1
development,1
signing,1
paid,1
every,1
helps,1
us,1
financially,1
many,1
thanks,1
wonderful,1
requires,1
highly,1
only,1
officially,1
latest,1
patch,1
each,1
schema,1
generation,1
syntax,1
highlighting,1
object,1
level,1
permissions,1
optional,1
djangorestframework,1
git,1
intending,1
probably,1
logout,1
note,1
path,1
whatever,1
take,1
look,1
quick,1
example,1
build,1
simple,1
accessing,1
global,1
settings,1
kept,1
configuration,1
dictionary,1
named,1
start,1
off,1
adding,1
standard,1
allow,1
access,1
unauthenticated,1
forget,1
added,1
ready,1
serializers,1
model,1
fields,1
queryset,1
userserializer,1
routers,1
provide,1
an,1
easy,1
automatically,1
determining,1
router,1
wire,1
automatic,1
urls,1
now,1
open,1
new,1
control,1
top,1
right,1
corner,1
able,1
delete,1
wait,1
quickstart,1
fastest,1
apis,1
contribution,1
how,1
run,1
test,1
suite,1
contribute,1
changes,1
back,1
discussion,1
try,1
channel,1
search,1
irc,1
question,1
stack,1
making,1
priority,1
sign,1
professional,1
sponsorship,1
updates,1
believe,1
found,1
something,1
which,1
has,1
security,1
do,1
send,1
description,1
via,1
email,1
maintainers,1
will,1
then,1
work,1
resolve,1
issues,1
where,1
encode,1
oss,1
rights,1
redistribution,1
permitted,1
code,1
retain,1
form,1
reproduce,1
disclaimer,1
other,1
materials,1
neither,1
name,1
nor,1
names,1
endorse,1
promote,1
products,1
derived,1
specific,1
written,1
holders,1
express,1
warranties,1
merchantability,1
fitness,1
purpose,1
no,1
event,1
shall,1
liable,1
consequential,1
damages,1
procurement,1
substitute,1
goods,1
loss,1
business,1
however,1
caused,1
theory,1
whether,1
strict,1
tort,1
negligence,1
arising,1
out,1
even,1
advised,1
possibility,1
such,1
built,1
